,logloss,roc_auc,accuracy,f1
lg_v1,0.1759513420781306,0.97845287641206,0.9335839598997494,0.9238740125166718
elasticnet_v1,0.17836701588416268,0.9781305291509373,0.9385964912280702,0.9297629846510334
randomforest_v1,0.25222669378092255,0.9779801004290801,0.9285714285714286,0.9181286549707602
knn_v1,0.30105869748166014,0.9765080479366193,0.924812030075188,0.9126277372262774
xgboost_v1,0.10904101810282689,0.9903080923489086,0.9611528822055138,0.955654189440398
dnn_v1,0.15466274567646401,0.9864184353980272,0.9536340852130326,0.946409416377018
ensemble_v1,0.16744313197341587,0.9877866204396817,0.9573934837092731,0.9511142181734318
